{"cameraMode":{"drawMode":0,"name":"Shaded","section":"Shading Mode"},"sceneLighting":true,"audioPlay":false,"sceneViewState":{"m_AlwaysRefresh":false,"showFog":true,"showSkybox":true,"showFlares":true,"showImageEffects":true,"showParticleSystems":true,"showVisualEffectGraphs":true,"m_FxEnabled":true},"in2DMode":false,"pivot":{"x":71.58648681640625,"y":-136.78851318359376,"z":33.361305236816409},"rotation":{"x":0.6244391202926636,"y":0.04935600608587265,"z":-0.04330405592918396,"w":0.7794767618179321},"size":201.2853546142578,"orthographic":false}