{"cameraMode":{"drawMode":0,"name":"Shaded","section":"Shading Mode"},"sceneLighting":true,"audioPlay":false,"sceneViewState":{"m_AlwaysRefresh":false,"showFog":true,"showSkybox":true,"showFlares":true,"showImageEffects":true,"showParticleSystems":true,"showVisualEffectGraphs":true,"m_FxEnabled":true},"in2DMode":false,"pivot":{"x":-208.52578735351563,"y":-189.361083984375,"z":16.48603057861328},"rotation":{"x":0.024201272055506707,"y":0.8527466058731079,"z":-0.5202568173408508,"w":0.039671678096055987},"size":113.67845153808594,"orthographic":false}